2,戦渦,1,Opening,フィヨルム,『氷神ニフルと　その子フィヨルムの名において…　ここに願う』『供物は我が肉、　器は万界を統べし異邦の神器…』『願う。　荒ぶる炎鎮める力を』『不死を殺し、　不滅を滅す』『その力を、器に…』
2,戦渦,1,Opening,ニフル,我が名において…ここに契約は結ばれました…
2,戦渦,1,Opening,フィヨルム,……っ！はぁっ…はぁっ…！
2,戦渦,1,Opening,ユルグ,ね、姉様？大丈夫、息が苦しいの…？すごく…震えてるみたい…
2,戦渦,1,Opening,フィヨルム,だ、大丈夫です。…少し、寒い…だけ…
2,戦渦,1,Opening,ユルグ,さ、寒い…？で、でもこんなに暑い夏のお日様なのに…？もしかして、おかぜひいちゃったの？
2,戦渦,1,Opening,フィヨルム,え、ええ…でも大丈夫、すぐ治りますから…行きましょう、ユルグ。
2,戦渦,1,Opening,フィヨルム,……………………。ついに、その日が来たのでしょうか…かつて、私が望んで契約した通り。私の命が、ニフル様へ捧げられる日が…
2,戦渦,1,Ending,フィヨルム,！…この感覚は…あの時の儀式と同じ…大気が凍りついたような…
2,戦渦,1,Ending,ニフル,……………………
2,戦渦,1,Ending,フィヨルム,！　あなたは…氷神…ニフル…
2,戦渦,1,Ending,ニフル,…お黙りなさい。人に神と呼ばれるのは好きではありません。氷神は、昔の話。今の私はすでに、土や水と同じ…自然に還るべき存在となっています。人の子よ。我が血を引く者よ。あなたは己の命を私への供物としました。誓いは絶対。違えることは決してあってはなりません。
2,戦渦,1,Ending,フィヨルム,はい…。では、やはり…その時が来たのですね…神聖な誓いを破ることは許されません。覚悟は、できています…ニフル様。どうか私の命を………。
2,戦渦,1,Ending,ニフル,………………………未練、ですか？
2,戦渦,1,Ending,フィヨルム,え…？
2,戦渦,1,Ending,ニフル,私は人の感情を好みません。感情は好き勝手に移ろい、定まらないものですから。あなたの心は揺れています。その感情は何ですか？死を恐れ、私との契約を悔いている…？いいえ。あなたは今でも、あの時に戻ったなら迷わず命を捧げるでしょう。
2,戦渦,1,Ending,フィヨルム,…はい…
2,戦渦,1,Ending,ニフル,永遠に生きるなど、もとより人の身のあなたには無理なこと。なのになぜ、まだ生きたいのですか？
2,戦渦,1,Ending,フィヨルム,……。私たちは今も、大いなる戦いの最中にいます。アスク王国の皆様や、【Summoner】様は懸命に戦っておられます…なのに…私一人が戦列を離れてしまう…そのことが、皆様に申し訳なく…
2,戦渦,1,Ending,ニフル,………………
2,戦渦,1,Ending,フィヨルム,…………。いえ、申し訳ありません…今の言葉は…みっともない言い訳でした。
2,戦渦,1,Ending,フィヨルム,本当は…一番強い気持ちは…私のわがままなのです。私は…あの方のお傍にいたい…一緒にいられる幸せが、少しでも長く続くなら…私は…だから、死にたくありません…生きたいです。あの方と共に…
2,戦渦,1,Ending,ニフル,…お黙りなさい。そのしまりのない口を閉じなさい。私は感情を好みません。
2,戦渦,1,Ending,フィヨルム,…す、すみません…
2,戦渦,1,Ending,フィヨルム,言い残すことは…もうありません。これが、私の気持ちのすべてです…
2,戦渦,1,Ending,ニフル,…そう、ですか。では約束通り、あなたの命を受け取ってかまわないのですね？
2,戦渦,1,Ending,フィヨルム,…は、はい…
2,戦渦,1,Ending,ニフル,……………………
2,戦渦,1,Ending,フィヨルム,…………。ニフル様…？
2,戦渦,1,Ending,ニフル,フィヨルム。私が来たのは、あなたの命を受け取るためではありません。忌まわしき穢れの炎が再び熾ったのです。私はそれを滅さねばなりません。あなたがその浅ましい愛のために、生き永らえたいというのなら…我が使命を果たしなさい。
2,戦渦,1,Ending,フィヨルム,使命…？それは…
2,戦渦,1,Ending,ニフル,我が戦士となり、炎神ムスペルを滅ぼしなさい。ムスペルと、敵の戦士を討ち果たしたなら、あなたの命を返しましょう…
2,戦渦,1,Ending,？？？,…………………………………………
2,戦渦,1,Ending,レーギャルン,……………………
2,戦渦,2,Opening,？？？,ありがとうございます、ニフル様。民たちを救っていただいたこの御恩…一生かけてお返しします。
2,戦渦,2,Opening,ニフル,よいのです、フヴェル。あなたのためならば、喜んで我が血を授けましょう。凍てついた私の心に…あなたは温かさをくれたのです。人の優しさ、愛おしさを。人の身であるあなたの命はいずれ尽きる…ですが、私とあなたの結びつきは永遠です。あなたの子も、その子も、私はあなたと同じように慈しみ、愛すると約束しましょう。
2,戦渦,2,Opening,？？？,ニフル様…ありがとうございます。我が子たちは幸せです。あなたと共にいられるなんて…
2,戦渦,2,Opening,フィヨルム,………今のは…夢…？ニフル様と…もう一人は…
2,戦渦,2,Opening,ニフル,フィヨルム、何をしているのです。急ぎなさい。
2,戦渦,2,Opening,フィヨルム,は、はい…。あの、ニフル様。お伺いしたいことがあります。
2,戦渦,2,Opening,ニフル,なんですか。早く喋り終えなさい。
2,戦渦,2,Opening,フィヨルム,ニフル様はかつて、私たちの先祖…ニフル王国の初代女王に力を与え、人々を救ってくださいました。それがニフル王国の歴史…なぜ、私たち人間にお力をお与えくださったのですか？
2,戦渦,2,Opening,ニフル,……………………
2,戦渦,2,Opening,フィヨルム,もしかして、あなたと初代王フヴェルの間に、何か特別な…
2,戦渦,2,Opening,ニフル,…お黙りなさい。あなたには関係のないことです。そのみっともない足を動かしなさい。ぐずぐずしていると、あなたを吹雪で凍らせます。
2,戦渦,2,Opening,フィヨルム,えええ！？そ、そこまで…？す…すみません…今のニフル様は夢で見た優しいお姿とは別人のよう…いったい、あれは…
2,戦渦,2,Ending,ニフル,急ぎなさい、フィヨルム。ムスペルが力を取り戻す前に敵の居城へ近づきます。
2,戦渦,2,Ending,フィヨルム,あの…ニフル様。お話があります。実は先程…
2,戦渦,2,Ending,ニフル,…お黙りなさい。急ぎなさいといったはずです。その鈍い耳を働かせなさい。さもないと氷柱に閉じ込めますよ。
2,戦渦,2,Ending,フィヨルム,あ、あの！実は夢のような…不思議な幻を見たのです。ニフル様と女王フヴェルが親しそうにお話をされていて…
2,戦渦,2,Ending,ニフル,……………あなたの体は、二つの血を受け継いでいます。ニフル女王フヴェルの血と、私が彼女に授けた竜の血…その血によるものでしょう。…不愉快なことに、あなたとフヴェルはよく似ています。まるで生まれ変わりのように…
2,戦渦,2,Ending,フィヨルム,ニフル様はとても幸せそうに微笑んでおられました…ニフル様は感情はお嫌いだとおっしゃいました。ですが、過去のあなたは…私たち人間のことを心から愛してくださっていたのですね…私、嬉しいです。ニフル様は本当はとてもお優しい方…
2,戦渦,2,Ending,ニフル,…フィヨルム…雪崩に埋めますよ。
2,戦渦,2,Ending,フィヨルム,えええっ！？そ、そんな…私はただ感謝を…
2,戦渦,2,Ending,ニフル,過去は過去。私が二度と人に心を開くことはありません。
2,戦渦,2,Ending,フィヨルム,な、なぜ…ですか…？
2,戦渦,2,Ending,ニフル,私は何も知らなかったのです。愛する相手を失うことがどれほど耐え難い苦しみか…
2,戦渦,2,Ending,フィヨルム,ニフル様…ですが、ニフル様がおっしゃった通り、人は永遠には生きられません。いつかは天寿を全うして…
2,戦渦,2,Ending,ニフル,違います。
2,戦渦,2,Ending,フィヨルム,え…？
2,戦渦,2,Ending,ニフル,私と関わったせいで…そのせいで、フヴェルは…あの忌まわしき炎ムスペルに殺されたのです…
2,戦渦,2,Ending,？？？,ああ…あ…熱い…痛い…喉が…目が…ああ…あ…
2,戦渦,2,Ending,ニフル,…フヴェル……そんな…そんな…
2,戦渦,2,Ending,？？？,ああ…ニフル様…どうか…ご慈悲を…お助け…ください…お願い…です…
2,戦渦,2,Ending,ニフル,…許してください…フヴェル…ムスペルに焼かれた身は…私の力でも…癒すことはできません…もう…私にできるのは…あなたを地獄の苦しみから解放することだけ…ムスペル…あの男はわざと…とどめをささなかった…私に…こうさせるために…
2,戦渦,2,Ending,？？？,…ニフ…ル様………　……　…………………………………………
2,戦渦,2,Ending,ニフル,…フヴェル……私は愛するあなたを守れなかった……それどころか……この手であなたの命を奪いました…そんな私に…誰を愛し慈しむ資格がありましょう…私はあなたの子を愛しはしません…そのかわりに、あなたに誓いましょう。千度殺しても殺し足りぬあの下種…ムスペルを…必ず滅ぼすと…
2,戦渦,3,Opening,ニフル,…フヴェルの死後すぐに、私はムスペルに戦いを挑みました。たとえこの身が滅ぼうと構いませんでした…あの男を滅ぼすまでは…
2,戦渦,3,Opening,フィヨルム,ニフル様…
2,戦渦,3,Opening,ニフル,結末は、相打ち…私とムスペルは、神としての力を失い、土や水の如き存在と成り果てました…ですが、ムスペルは再び熾った…今度は、私を滅ぼすため、みずからの戦士を従えるでしょう。フィヨルム。あなたはまもなく敵の戦士と戦うことになります。誰が敵となるか…今の世に生きるムスペルの子らについて話しなさい。
2,戦渦,3,Opening,フィヨルム,ムスペル王国の…王族のことですね？炎の王スルトは私たちが討ち果たしました。レーギャルン王女は…残念ながら…助けられずに…
2,戦渦,3,Opening,ニフル,ムスペルの者どもは敵です。敵の死を喜びこそすれ、悲しむ理由などありません。
2,戦渦,3,Opening,フィヨルム,ち、違います…！レーギャルン王女は私の大切な友です！
2,戦渦,3,Opening,ニフル,…お黙りなさい。その恥知らずな口を慎みなさい。ムスペルの者どもを友などと…早く話を続けなさい。ムスペルの子らは皆死んだのですか？
2,戦渦,3,Opening,フィヨルム,レーギャルン王女の妹のレーヴァテイン王女は、今もご無事です。ですが、彼女が敵の戦士になるとは思えません。以前、お会いした時も…
2,戦渦,3,Opening,レーヴァテイン,フィヨルム王女。ありがとう…姉上の最期の言葉…私に教えてくれて。
2,戦渦,3,Opening,フィヨルム,…………
2,戦渦,3,Opening,レーヴァテイン,私…一人でいる時、姉上のこと思い出す。とても寂しいけど…でも、姉上はどこかで、私のこと見ててくれるって。だから、姉上に褒めてもらえるようにがんばろうって思う…私が生きることは、姉上の願い、だから…
2,戦渦,3,Opening,フィヨルム,レーヴァテイン王女…はい。共に生きましょう。レーギャルン王女の願いのために…
2,戦渦,3,Ending,レーギャルン,炎竜ムスペルよ…我が身を喰らい尽くせ…頭を、胸を、腕を、脚を…我が身すべてを…咀嚼せよ…
2,戦渦,3,Ending,レーギャルン,あ…ああっ…あ…あ…あ…っ…ああ…ああ…ああ…
2,戦渦,3,Ending,レーギャルン,ああああああああああああああああああっ！
2,戦渦,3,Ending,ムスペル,目ぇ覚ませや、犬。
2,戦渦,3,Ending,レーギャルン,……………ここは…私は…なぜ…生きて…
2,戦渦,3,Ending,ムスペル,ワレはくたばったんじゃ。ワシに命を捧げて力を借り、おっ死んだんや。ワシの炎で蘇らすのに丸々一年がかりじゃ。人間の命っちゅうのはホンマ難儀やのう。
2,戦渦,3,Ending,レーギャルン,炎…？…まさか…あなたは…
2,戦渦,3,Ending,ムスペル,ムスペル。九の世の神が一人、炎神ムスペルがワシの名じゃ。せやけど、ワシのことはどうでもええわい。それより…――跪けや、犬。
2,戦渦,3,Ending,レーギャルン,――っ！？な、何を……！
2,戦渦,3,Ending,ムスペル,おうおう、よう効いとるわ。ワシの呪もまだ錆びとらんのう。
2,戦渦,3,Ending,レーギャルン,私の体に何を…したの…？
2,戦渦,3,Ending,ムスペル,ワレは力を借りたんやろが。貸しは倍にして返してもらわんとのう。ワシの呪は、ワシに逆らえん犬をこしらえるんや。我が使命を果たすまで、ワレはワシに尻尾振って生きるっちゅうわけじゃ。ワレは舌噛んで死ぬこともでけん。なんやったら試してみろや？
2,戦渦,3,Ending,レーギャルン,…炎竜ムスペルよ。あなたは我らムスペル王国の神…けれど、私には将としての誇りがある。あなたの奴隷に成り下がる気はないわ。何をさせる気かは知らないけれど…屈辱的な命令を強いられ、生き恥を晒すくらいなら…
2,戦渦,3,Ending,ムスペル,かかかっ！気の強い犬やのう。昔、ワシが炎をやった奴によう似とるわ。せやけど…しょうもない能書きはたいがいにしとけや。
2,戦渦,3,Ending,レーギャルン,…………。あなたは私を蘇らせ、何を望むというの？
2,戦渦,3,Ending,ムスペル,かかっ！何眠たいこと言うとんじゃボケぇっ！んなもん決まっとるやろが！喧嘩じゃ喧嘩！血沸き肉躍るどつき合い！血で血を洗う殺し合いじゃ！
2,戦渦,3,Ending,レーギャルン,喧嘩…？
2,戦渦,3,Ending,ムスペル,ワシとニフルの喧嘩は、どっちかが死ぬまで終わらんのじゃ。ニフルの腐れはのう、自分の血ぃ継いだ女を戦士にする腹じゃ。ほれ、渦の奥をよう見てみい。あれじゃ。あのしょぼこいガキ…
2,戦渦,3,Ending,レーギャルン,！あれは…フィヨルム王女…！？
2,戦渦,3,Ending,ムスペル,おう、知り合いか？そらおもろいのう。「ニフルの戦士を殺せ」ワレにかけた呪や。ええか？ワレが奴をぶち殺すんじゃ。
2,戦渦,3,Ending,レーギャルン,そんな…こと……私はフィヨルム王女とは戦わないわ。彼女は、私の…私の友よ。
2,戦渦,3,Ending,ムスペル,忘れたんかい？ワレは犬じゃ。呪ある限りワシには逆らえんのじゃ。
2,戦渦,3,Ending,レーギャルン,…………
2,戦渦,3,Ending,ムスペル,――命令じゃ、犬。這いつくばって床なめろや。
2,戦渦,3,Ending,レーギャルン,なっ……！？
2,戦渦,3,Ending,ムスペル,その澄ましたツラ、気に食わんのう。誇りじゃ？　友じゃ？けったくそ悪い！そんなもんはのう、見栄えがええだけの偽もんの衣じゃ！ワシが全部焼き尽くしたる！丸裸にして本性さらけ出したるわ！人間っちゅうのは獣じゃ！獣らしゅう裸で生きんかい！ぎゃあぎゃあ泣き叫んで、悶え苦しんで、怒り狂って、吼え猛らんかい！熱い血ぃ迸らせて死ねや！ワシがそれをよう教えたるわ。あのニフルの腐れどもにものう！
2,戦渦,4,Opening,ニフル,フィヨルム、止まりなさい。ここにムスペルがいます。
2,戦渦,4,Opening,フィヨルム,！
2,戦渦,4,Opening,ニフル,ムスペルは人間に力を与え、己の戦士とするはずです。対抗するには、私もあなたに力を授けねばなりません。目を閉じ、そこに跪きなさい。
2,戦渦,4,Opening,フィヨルム,は、はい…
2,戦渦,4,Opening,ニフル,氷神ニフルの名において――この者こそ我が氷の戦士――我が剣であり我が盾であり我が子である者――
2,戦渦,4,Opening,フィヨルム,これは…
2,戦渦,4,Opening,ニフル,あなたは私の唯一の子として、氷神の力を得ました。我が氷神の力を解き放てば、神をも貫く刃となりましょう。ですが、今は力は収めなさい。その力を使うのは、ムスペルの戦士を討つ時です。
2,戦渦,4,Opening,フィヨルム,ムスペルの戦士…それは、誰なのでしょう？
2,戦渦,4,Opening,ニフル,誰であろうと、敵です。フィヨルム、あなたは自分の身だけを考えなさい。あなたが死ぬことは許しません。必ず生き残るのです。
2,戦渦,4,Opening,フィヨルム,ニフル様…
2,戦渦,4,Opening,ニフル,…お黙りなさい。その嬉しそうなにやけ顔を引き締めなさい。くだらない誤解はしないことです。あなたに対して何か感情を持っているわけではありません。行きますよ、フィヨルム。
2,戦渦,4,Opening,ムスペル,よっしゃ、これでええ。これでワレはムスペルの戦士っちゅうわけや。
2,戦渦,4,Opening,レーギャルン,…………
2,戦渦,4,Opening,ムスペル,何ボケっと突っ立っとんじゃ、犬。犬やったら四つん這いで主人に頭を垂れとかんかい。
2,戦渦,4,Opening,レーギャルン,……く……
2,戦渦,4,Opening,ムスペル,ワシがやった炎神の力…そいつでニフルの戦士を殺れ。…せやけど、ニフルの戦士もワレとよう似た力を持っとる。さあて、この喧嘩どうなるやろなぁ？
2,戦渦,4,Opening,レーギャルン,私も、ニフルの戦士も、敵を討つ力を使い…そして、相打ちに…？
2,戦渦,4,Opening,ムスペル,そういうことじゃ。ワシとニフルの力は五分やからのう。
2,戦渦,4,Opening,レーギャルン,ムスペル…あなたたち神々は人をはるかに超えた力を持っている…でも、知恵の方はそうとは言い難いようね。
2,戦渦,4,Opening,ムスペル,ああ？
2,戦渦,4,Opening,レーギャルン,互いの戦士は相打ち…神同士の力も五分…それでどうやって勝つと？
2,戦渦,4,Opening,ムスペル,かかかっ！ええ、ええ。気分がええからのう、特別に教えたるわ。ワシの勝ちは、もう決まっとんのじゃ。一番初め、この九の世がでけた時からのう。それが、【黄昏の詩】の定めじゃ。
2,戦渦,4,Opening,レーギャルン,黄昏の…詩…？
2,戦渦,4,Opening,トール,…………【黄昏の詩】はあの御方の予言書…
2,戦渦,4,Opening,ロキ,ええ。この世のすべてを創造されたアルフォズル様が、神々がいかに滅ぶかを記した書…すべての始まりから、すべての終わりまで…
2,戦渦,4,Ending,ムスペル,喧嘩がどうなるか、ワシが教えたる。――ほれ、拾えや犬。
2,戦渦,4,Ending,レーギャルン,？……この宝珠は……父上が持っていたものと…どこか…
2,戦渦,4,Ending,ムスペル,【滴り落ちる血】…蘇りの炎珠じゃ。【黄昏の詩】に曰く…『二神は相争い　二戦士は血に染む』『氷の戦士は死す　炎の戦士は死せず』『氷刃が戦士を斃すとも　炎珠が戦士を蘇す』ほれ。この喧嘩、どうなるんやろなあ？
2,戦渦,4,Ending,レーギャルン,……。私とフィヨルム王女が相打ちになり…そして…フィヨルム王女の氷刃に討たれた私は…この炎珠で…蘇る…
2,戦渦,4,Ending,ムスペル,ようでけたな、犬。にい対いち。炎の勝ちじゃ。
2,戦渦,4,Ending,レーギャルン,…………
2,戦渦,4,Ending,ムスペル,かかっ！　見ものやのう。ワレとあのガキ、どのツラして戦うんじゃ？泣けや！叫べや！そんで殺し合えや！
2,戦渦,4,Ending,レーギャルン,…恥ずかしい限りよ。私の中に受け継がれるという炎神ムスペルの血が…あなたのような下種の血だったなんて…
2,戦渦,4,Ending,ムスペル,かかっ！まだまだ躾が足りんようやな、犬。後で楽しみにしとけや。さあて…出てこいやあ、ニフル！
2,戦渦,4,Ending,トール,…………
2,戦渦,4,Ending,ロキ,あらん、難しい顔してるわねえ。どうしたのかしらん？氷と炎…かつての神々と、その戦士の戦い…始まるわよ。
2,戦渦,4,Ending,トール,……。彼らはすべてをかけて戦いに臨む。その強き心は、尊ぶべきものだ。だが、戦いの結末は、何もかもすでに決まっている。それではまるで…
2,戦渦,4,Ending,ロキ,ご不満かしら？
2,戦渦,4,Ending,トール,…まさか。我らはアルフォズル様の配下だ。不満など覚えるはずが…それよりロキ…【黄昏の詩】の記述をなぜムスペルが知っている？お前が教えたな。いったい何を企んでいる？
2,戦渦,4,Ending,ロキ,さあ、ねえ。いいじゃない、別に。私たちが何かしたところで、定められた大河の流れを変えることなんてできはしない…
2,戦渦,4,Ending,ロキ,せっかくの戦いだもの。じっくり見物しましょう…？
2,戦渦,5,Opening,ニフル,…フィヨルム、心しなさい。あの男がムスペルです。そしてあれがムスペルに選ばれた戦士…
2,戦渦,5,Opening,レーギャルン,…………
2,戦渦,5,Opening,フィヨルム,…！レーギャルン王女…！？
2,戦渦,5,Opening,レーギャルン,フィヨルム王女…
2,戦渦,5,Opening,ニフル,フィヨルム。ムスペルの戦士を討つのです。あなたに与えた力で。
2,戦渦,5,Opening,フィヨルム,そんな…で、ですが…！
2,戦渦,5,Opening,ムスペル,犬、出番じゃあ。ニフルの戦士を殺れ。呪ある限りワシには逆らえへんのじゃ。わかっとんやろなあ？
2,戦渦,5,Opening,レーギャルン,…………！
2,戦渦,5,Opening,フィヨルム,お許しください、ニフル様。私はレーギャルン王女と戦うことなんて…
2,戦渦,5,Opening,ニフル,戦わねば、死にます。あの人間はムスペルに呪いをかけられています。ムスペルの命令を果たすまで…永遠に服従させられる呪いを。
2,戦渦,5,Opening,フィヨルム,そん…な…レーギャルン王女！聞いてください、私はあなたと戦う気は…
2,戦渦,5,Opening,レーギャルン,…………。フィヨルム王女。
2,戦渦,5,Opening,レーギャルン,私は呪いには逆らえない。あなたを殺す力を手加減することも、自ら命を絶つこともできない。だから…あなたは私に勝って、私を殺すしかない。さもないと…私は必ず、あなたを殺す。
2,戦渦,5,Opening,フィヨルム,そんな…そんなこと…！きっと…きっと…何か方法が…
2,戦渦,5,Opening,レーギャルン,私もそう考えたわ。そう願った。方法があればどんなに良いか…でも…二人とも助かるような…そんな都合の良い策は見つからなかった…あなたと私、どちらかは必ず死ぬ。
2,戦渦,5,Opening,フィヨルム,……！
2,戦渦,5,Opening,レーギャルン,覚悟を…フィヨルム王女！
2,戦渦,5,Ending,ロキ,『二神は相争い　二戦士は血に染む』『氷の戦士は死す　炎の戦士は死せず』『氷刃が戦士を斃すとも　炎珠が戦士を蘇す』【黄昏の詩】の予言は絶対…結末は、ムスペルの言う通りになる。
2,戦渦,5,Ending,トール,そうだ。
2,戦渦,5,Ending,ロキ,でも、決まりきった通りに進む未来って、なんだか退屈よねえ？
2,戦渦,5,Ending,トール,…それは、我らが考えるべきことではない。すべてはアルフォズル様のため…
2,戦渦,5,Ending,ロキ,ふぅん…
2,戦渦,5,Ending,ロキ,ねえ、トール。私と賭けをしない？
2,戦渦,5,Ending,トール,賭け？
2,戦渦,5,Ending,ロキ,ええ。氷と炎…どちらが勝つか。賭けだって、全てをかけて真剣にやるならあなたが尊ぶ戦いの一つでしょ？
2,戦渦,5,Ending,ロキ,負けた方はね、なんでも一つ、相手の言うことを聞くの。どうかしら？
2,戦渦,5,Ending,トール,…未来は既に記されている。そのような賭けに何の意味がある。
2,戦渦,5,Ending,ロキ,あらん。意味はあるわ。だって、私が楽しめるんだもの。もしもあなたが負けたら、何をしてもらおうかしら…？そう考えると楽しいじゃない。戦神のあなたが、恥ずかしくて絶対できないようなことをしてもらおうかしら…
2,戦渦,5,Ending,トール,…何を企んでいる？
2,戦渦,5,Ending,ロキ,ふふ、あくまで可能性の話よ。無数の可能性の世界があるんだもの。いつもと違うあなたがいたっていいでしょ？さ、もうすぐ決着がついちゃうわ。あなたはどっちに賭けるのかしら？
2,戦渦,5,Ending,トール,……。良いだろう。お前の挑発に乗ってやる。私が賭けるのは――
2,戦渦,5,Ending,レーギャルン,はぁっ！
2,戦渦,5,Ending,フィヨルム,っ……！もう…もうやめてください、レーギャルン王女…！
2,戦渦,5,Ending,レーギャルン,戦いなさい。さもないと…私はあなたを殺す！
2,戦渦,5,Ending,ムスペル,おうおう、ええぞええぞ！もっとやれや！獣になれや！ぶちかませ！押し倒せ！喉笛噛みちぎったれ！かかかかかかかかっ！
2,戦渦,5,Ending,フィヨルム,……ぅくっ……！？
2,戦渦,5,Ending,ニフル,フィヨルム、刃を振るいなさい。戦うのです。その意気地のない心を奮い立たせなさい。あなたは生きたいと望んだはずです。
2,戦渦,5,Ending,フィヨルム,で、ですが…そのためにレーギャルン王女を討つ…なんて……【Summoner】様…お教えください…私は…どうしたら…？
2,戦渦,結,Opening,レーギャルン,『二神は相争い　二戦士は血に染む』『氷の戦士は死す　炎の戦士は死せず』『氷刃が戦士を斃すとも　炎珠が戦士を蘇す』…この予言は、決して避けることはできない。
2,戦渦,結,Opening,フィヨルム,……！
2,戦渦,結,Opening,レーギャルン,フィヨルム王女…あなたが無抵抗なら、私はこのまま、あなたを殺す。生きたいのなら、私を討ちなさい！
2,戦渦,結,Opening,フィヨルム,ぁぁぁぁぁぁぁっ…！か…はっ……
2,戦渦,結,Opening,ニフル,…フィヨルム…
2,戦渦,結,Opening,ムスペル,さあて、そろそろええ頃合いや。ニフルの戦士よう。戦いとうないんやったら、今、往生させたるで。犬！次じゃ。次の一発で殺せえ。ワシが命じた以上、手加減なんぞでけん。わかっとんやろなあ？
2,戦渦,結,Opening,レーギャルン,…………。フィヨルム王女。この一撃で…私は、あなたを殺す。それはもう、絶対に止められない。
2,戦渦,結,Opening,フィヨルム,……！レーギャルン…王女…！
2,戦渦,結,Opening,ニフル,フィヨルム。我が氷刃を放ち、敵を討ちなさい。さもないと、あなた一人が殺されます。
2,戦渦,結,Opening,フィヨルム,で、ですが…レーギャルン王女を…殺すなんて…
2,戦渦,結,Opening,ムスペル,やれぇっ！
2,戦渦,結,Opening,レーギャルン,…あああああああああっ！
2,戦渦,結,Opening,フィヨルム,うっ……あああああああっ！
2,戦渦,結,Opening,ニフル,フィヨルム…！
2,戦渦,結,Opening,ムスペル,おうおう！派手にやったのう、相打ちか！？立っとんのはどっちじゃ！はよ姿見せんかい！
2,戦渦,結,Opening,レーギャルン,………………
2,戦渦,結,Opening,ムスペル,かかかかかかかっ！ええぞええぞ。ワシが描いた絵図の通りじゃ。ニフルよ、ワシの勝ちじゃ！
2,戦渦,結,Opening,ニフル,……。フィヨルムは最後の最後に…相手を傷つけることを躊躇したのです。そのせいで…こんな…
2,戦渦,結,Opening,レーギャルン,フィヨルム…王女…
2,戦渦,結,Opening,フィヨルム,私の命は…もともとなくなるはずのものですから……レーギャルン王女………私……ずっと…後悔していました…以前…あなたを…助けられなかった…こと…だから…もう二度と…あなたの命を…失いたく……なかっ……た…………………………………………………
2,戦渦,結,Opening,レーギャルン,………………
2,戦渦,結,Opening,ニフル,……フィヨルム………私はまた……失ったのですね…
2,戦渦,結,Ending,ムスペル,かかっ！　かかかっ！ええもんみせてもろたわ。犬よ。大事な友を殺したそのツラ、もっとよう見せてみい。
2,戦渦,結,Ending,レーギャルン,……ムス…ペル……
2,戦渦,結,Ending,ムスペル,今かけたった呪は、「ニフルを殺せ」じゃ。呪が解けた隙にワシに牙剥かへんようになあ。ほれ、尻尾振って走れや。ニフルを殺れぇっ！
2,戦渦,結,Ending,レーギャルン,……くっ…ぅ…………はぁっ……！
2,戦渦,結,Ending,ニフル,……く……
2,戦渦,結,Ending,ムスペル,これで、にい対いちじゃ。ニフルよ、もうどうにもならんで。ワレの戦士は死んだんや。しまいじゃ。往生せえや。
2,戦渦,結,Ending,ニフル,ムスペル…
2,戦渦,結,Ending,ムスペル,かかかっ！　たまらんのう。これからそのツラ、ぐちゃぐちゃにしたるわ。ワレの雌…フヴェルやったかのう、奴の心が潰れていったツラも見せてやりたかったわ。可哀そうにのう、身を焼かれる炎に辛抱たまらんと、ぎゃあぎゃあ泣きわめいとったわ。ニフルよ、あの雌、ワレを恨んどったで。自分を死に追いやった疫病神やとなあ！
2,戦渦,結,Ending,ニフル,…嘘です…
2,戦渦,結,Ending,ムスペル,かかかっ！全部ホンマじゃ。愛だの絆だの所詮まがいもんや。待っとけや。ワレもすぐにおんなじ目に合わせたる。ワシに焼かれながら、人間なんぞと交おうたことを悔いて死にさらせ！ワレに味方する人間なんぞもうどこにもおらん！どこにもなあ！
2,戦渦,結,Ending,？？？,――いいえ。
2,戦渦,結,Ending,ムスペル,！？
2,戦渦,結,Ending,フィヨルム,ここにいます。
2,戦渦,結,Ending,ニフル,…フィヨルム…！
2,戦渦,結,Ending,フィヨルム,氷神ニフルの名において――凍りなさい、炎神。
2,戦渦,結,Ending,ムスペル,がああああああああぁぁぁぁぁぁぁっ！？なん……やて…？んな…阿呆な…確かに…こいつは死ん…！
2,戦渦,結,Ending,レーギャルン,ええ。フィヨルム王女は死んだ…けれどムスペル…あなたが言ったことよ。『二神は相争い　二戦士は血に染む』『氷の戦士は死す　炎の戦士は死せず』『氷刃が戦士を斃すとも　炎珠が戦士を蘇す』
2,戦渦,結,Ending,ムスペル,……！？この…この腐れどもがぁっ！こっすい八百長しくさりよってぇっ！
2,戦渦,結,Ending,ニフル,フィヨルムは自らの氷刃で命を捨てたのです。フィヨルムは友を討つことはできませんでした。けれど、友を信じることならできたのです。友の言葉に命を預け、迷いなく死を選べるほどに。ムスペル。お前が侮り、嘲ってきたものが…今、お前を殺すのです。
2,戦渦,結,Ending,ムスペル,かかかっ……！かかかかかかかかっ……！
2,戦渦,結,Ending,ムスペル,ニフル…犬…ガキぃ…よう覚えとけ…この落とし前は…必ずつけたる…
2,戦渦,結,Ending,ムスペル,神々の…黄昏に…ワシは…来る…一人…残らず…ぶち殺おおおおおおおぉぉぉぉぉぉ…！
2,戦渦,結,Ending,ニフル,……終わりました。炎は消え、氷もまた大地へ還る…私ももう二度と現れることはないでしょう。
2,戦渦,結,Ending,フィヨルム,ニフル様…ありがとうございます。この御恩は決して…
2,戦渦,結,Ending,ニフル,…お黙りなさい。人間の礼など必要ありません。そんな暇があるのなら、その貧相な体でせいぜい残りの余生を過ごしなさい。…あなたが望む幸せのために。
2,戦渦,結,Ending,フィヨルム,ニフル様…
2,戦渦,結,Ending,レーギャルン,…フィヨルム王女。私もあなたに礼を言わせて。ありがとう。敵だった私の言葉を信じてくれて。
2,戦渦,結,Ending,フィヨルム,レーギャルン王女…いいえ、敵ではありません。
2,戦渦,結,Ending,フィヨルム,憶えておられますか？以前、あなたが亡くなられる時…最期にあなたは私に言ってくださいました。
2,戦渦,結,Ending,レーギャルン,ええ、憶えているわ。
2,戦渦,結,Ending,レーギャルン,『もし、あなたたちニフルと　共に歩める道があったなら…』
2,戦渦,結,Ending,フィヨルム,はい。『私たちは…友に…』